Sector,Mean Daily Return (%),Volatility (Std Dev),Worst Daily Return (%),Best Daily Return (%),Total Observations
Consumer Discretionary,0.065,1.281,-12.669,10.888,4022
Consumer Staples,0.041,0.864,-9.396,8.511,4022
Energy,0.038,1.718,-20.141,16.037,4022
Financials,0.055,1.383,-13.709,13.157,4022
Health Care,0.052,1.019,-9.861,7.706,4022
Materials,0.042,1.311,-11.008,11.76,4022
Overall Market,0.058,1.084,-10.942,10.502,4022
Technology,0.078,1.369,-13.814,13.426,4022
Utilities,0.045,1.102,-11.358,12.793,4022
